{
    "version": 5.099999904632568,
    "duration": 0.05000000074505806,
    "Lift_power": 1.3000001907348633,
    "No_power": 700.0,
    "Full_power": 750.0,
    "side_strength": 1.2999999523162842,
    "power_before": 0.699999988079071,
    "friction": 0.10000000894069672,
    "Mass": 1000.8121337890625,
    "incline": 0.5,
    "front_tilt": 0.5,
    "inclineMouse": 2.0,
    "front_tiltMouse": 1.0,
    "m_povorot": 0.4000000059604645,
    "Chassis": 0.0,
    "Body": 0.0,
    "Engine": 0.0,
    "Fuel": 0.0,
    "Rotor1": 0.0,
    "Rotor2": 0.0,
    "kill_z": 0.0,
    "gasoline_costs": 0.00039999998989515007,
    "gasoline_restart": 1.0,
    "c_camDistance": 16.0,
    "maxFuel": 50.0,
    "m_Crash_dem": 15.0,
    "m_engineVolume": 0.10000000894069672,
    "m_rotorVolume": 0.20000000298023225,
    "m_warningVolume": 1.0,
    "m_crashVolume": 1.0
}