{
    "version": 0.20000000298023225,
    "c_heightCoef": 0.6000000238418579,
    "c_maxSpeedForward": 16.0,
    "c_maxSpeedBack": 10.0,
    "c_speedForwardCoef": 0.019999999552965165,
    "c_speedBackCoef": 0.009999999776482582,
    "c_dampingSpeedForwardCoef": 0.029999999329447748,
    "c_dampingSpeedBackCoef": 0.019999999552965165,
    "c_brakingForward": 0.05000000074505806,
    "c_brakingBack": 0.05000000074505806,
    "c_rotationCoef": 0.6000000238418579,
    "c_krenMin": -3.0,
    "c_krenMax": 3.0,
    "c_krenRotMin": -8.0,
    "c_krenRotMax": 8.0,
    "c_krenForwardCoef": 0.30000001192092898,
    "c_krenBackCoef": 0.30000001192092898,
    "c_krenLeftRightCoef": 0.4000000059604645,
    "c_dampingKrenForwardCoef": 0.4000000059604645,
    "c_dampingKrenBackCoef": 0.4000000059604645,
    "c_dampingKrenLeftRightCoef": 0.4000000059604645,
    "c_Weather_rotCoef": 0.004000000189989805,
    "m_BoatSpeedWind_coef": 0.008999999612569809,
    "kolesoz": 1.0,
    "obshivka": 1.0,
    "c_start_stop_Sound": 1.0,
    "c_low_high_Sound": 0.5,
    "c_voda_Sound": 0.5,
    "m_engineEffectL_1": -35.0,
    "m_engineEffectL_2": 100.0,
    "m_engineEffectR_1": -35.0,
    "m_engineEffectR_2": 100.0,
    "z_zatrat": 0.0010000000474974514
}