{
    "version": 0.20000000298023225,
    "c_heightCoef": -0.10000000149011612,
    "c_maxSpeedForward": 8.0,
    "c_maxSpeedBack": 6.0,
    "c_speedForwardCoef": 0.00800000037997961,
    "c_speedBackCoef": 0.004999999888241291,
    "c_dampingSpeedForwardCoef": 0.009999999776482582,
    "c_dampingSpeedBackCoef": 0.01000000536441803,
    "c_brakingForward": 0.019999997690320016,
    "c_brakingBack": 0.009999999776482582,
    "c_rotationCoef": 0.03999999910593033,
    "c_krenMin": -1.0,
    "c_krenMax": 1.0,
    "c_krenRotMin": -3.0,
    "c_krenRotMax": 3.0,
    "c_krenForwardCoef": 0.030000001192092897,
    "c_krenBackCoef": 0.030000001192092897,
    "c_krenLeftRightCoef": 0.009999999776482582,
    "c_dampingKrenForwardCoef": 0.009999999776482582,
    "c_dampingKrenBackCoef": 0.03999999910593033,
    "c_dampingKrenLeftRightCoef": 0.03999999910593033,
    "c_Weather_rotCoef": 0.004999999888241291,
    "m_BoatSpeedWind_coef": 0.009999999776482582,
    "kolesoz": 0.0,
    "obshivka": 0.0,
    "c_start_stop_Sound": 1.0,
    "c_low_high_Sound": 0.5,
    "c_voda_Sound": 0.5,
    "m_engineEffectL_1": -35.0,
    "m_engineEffectL_2": 100.0,
    "m_engineEffectR_1": -35.0,
    "m_engineEffectR_2": 100.0,
    "z_zatrat": 0.0010000000474974514
}