{
    "version": 0.20000000298023225,
    "c_heightCoef": -0.10000000149011612,
    "c_maxSpeedForward": 10.5,
    "c_maxSpeedBack": 8.0,
    "c_speedForwardCoef": 0.07999999821186066,
    "c_speedBackCoef": 0.03999999910593033,
    "c_dampingSpeedForwardCoef": 0.09000000357627869,
    "c_dampingSpeedBackCoef": 0.07999999821186066,
    "c_brakingForward": 0.09000000357627869,
    "c_brakingBack": 0.09000000357627869,
    "c_rotationCoef": 0.4000000059604645,
    "c_krenMin": -1.0,
    "c_krenMax": 1.0,
    "c_krenRotMin": -5.0,
    "c_krenRotMax": 5.0,
    "c_krenForwardCoef": 0.30000001192092898,
    "c_krenBackCoef": 0.30000001192092898,
    "c_krenLeftRightCoef": 0.09000000357627869,
    "c_dampingKrenForwardCoef": 0.09000000357627869,
    "c_dampingKrenBackCoef": 0.4000000059604645,
    "c_dampingKrenLeftRightCoef": 0.4000000059604645,
    "c_Weather_rotCoef": 0.004000000189989805,
    "m_BoatSpeedWind_coef": 0.008999999612569809,
    "kolesoz": 0.0,
    "obshivka": 0.0,
    "c_start_stop_Sound": 1.0,
    "c_low_high_Sound": 0.5,
    "c_voda_Sound": 0.5,
    "m_engineEffectL_1": -35.0,
    "m_engineEffectL_2": 100.0,
    "m_engineEffectR_1": -35.0,
    "m_engineEffectR_2": 100.0,
    "z_zatrat": 0.0010000000474974514
}